{"cameraMode":{"drawMode":0,"name":"Shaded","section":"Shading Mode"},"sceneLighting":true,"audioPlay":false,"sceneViewState":{"m_AlwaysRefresh":true,"showFog":true,"showSkybox":true,"showFlares":true,"showImageEffects":true,"showParticleSystems":true,"showVisualEffectGraphs":true,"m_FxEnabled":true},"in2DMode":false,"pivot":{"x":-0.48073267936706545,"y":66.12247467041016,"z":-7.668222427368164},"rotation":{"x":0.4795968234539032,"y":-0.3566042482852936,"z":0.22199326753616334,"w":0.7704216241836548},"size":1.5632898807525635,"orthographic":false}