{"cameraMode":{"drawMode":0,"name":"Shaded","section":"Shading Mode"},"sceneLighting":true,"audioPlay":false,"sceneViewState":{"m_AlwaysRefresh":true,"showFog":true,"showSkybox":true,"showFlares":true,"showImageEffects":true,"showParticleSystems":true,"showVisualEffectGraphs":true,"m_FxEnabled":true},"in2DMode":false,"pivot":{"x":-2.3467116355895998,"y":7.08314847946167,"z":7.796802997589111},"rotation":{"x":0.14078859984874726,"y":-0.026732120662927629,"z":0.0038030727300792934,"w":0.9896713495254517},"size":12.251211166381836,"orthographic":false}